[
  {
    "line": 1,
    "elements": [
      {
        "line": 3,
        "name": "Validate Free CRM Home Page Test",
        "description": "",
        "id": "free-crm-application-test;validate-free-crm-home-page-test",
        "type": "scenario",
        "keyword": "Scenario",
        "steps": [
          {
            "result": {
              "duration": 3165022575,
              "error_message": "org.openqa.selenium.SessionNotCreatedException: Unable to find a matching set of capabilities\nBuild info: version: \u00273.11.0\u0027, revision: \u0027e59cfb3\u0027, time: \u00272018-03-11T20:26:55.152Z\u0027\nSystem info: host: \u0027DESKTOP-C9R54OP\u0027, ip: \u0027192.168.43.39\u0027, os.name: \u0027Windows 10\u0027, os.arch: \u0027amd64\u0027, os.version: \u002710.0\u0027, java.version: \u00271.8.0_211\u0027\nDriver info: driver.version: FirefoxDriver\nremote stacktrace: \r\n\tat sun.reflect.NativeConstructorAccessorImpl.newInstance0(Native Method)\r\n\tat sun.reflect.NativeConstructorAccessorImpl.newInstance(Unknown Source)\r\n\tat sun.reflect.DelegatingConstructorAccessorImpl.newInstance(Unknown Source)\r\n\tat java.lang.reflect.Constructor.newInstance(Unknown Source)\r\n\tat org.openqa.selenium.remote.W3CHandshakeResponse.lambda$new$0(W3CHandshakeResponse.java:57)\r\n\tat org.openqa.selenium.remote.W3CHandshakeResponse.lambda$getResponseFunction$2(W3CHandshakeResponse.java:104)\r\n\tat org.openqa.selenium.remote.ProtocolHandshake.lambda$createSession$0(ProtocolHandshake.java:123)\r\n\tat java.util.stream.ReferencePipeline$3$1.accept(Unknown Source)\r\n\tat java.util.Spliterators$ArraySpliterator.tryAdvance(Unknown Source)\r\n\tat java.util.stream.ReferencePipeline.forEachWithCancel(Unknown Source)\r\n\tat java.util.stream.AbstractPipeline.copyIntoWithCancel(Unknown Source)\r\n\tat java.util.stream.AbstractPipeline.copyInto(Unknown Source)\r\n\tat java.util.stream.AbstractPipeline.wrapAndCopyInto(Unknown Source)\r\n\tat java.util.stream.FindOps$FindOp.evaluateSequential(Unknown Source)\r\n\tat java.util.stream.AbstractPipeline.evaluate(Unknown Source)\r\n\tat java.util.stream.ReferencePipeline.findFirst(Unknown Source)\r\n\tat org.openqa.selenium.remote.ProtocolHandshake.createSession(ProtocolHandshake.java:126)\r\n\tat org.openqa.selenium.remote.ProtocolHandshake.createSession(ProtocolHandshake.java:73)\r\n\tat org.openqa.selenium.remote.HttpCommandExecutor.execute(HttpCommandExecutor.java:136)\r\n\tat org.openqa.selenium.remote.service.DriverCommandExecutor.execute(DriverCommandExecutor.java:83)\r\n\tat org.openqa.selenium.remote.RemoteWebDriver.execute(RemoteWebDriver.java:545)\r\n\tat org.openqa.selenium.remote.RemoteWebDriver.startSession(RemoteWebDriver.java:209)\r\n\tat org.openqa.selenium.remote.RemoteWebDriver.\u003cinit\u003e(RemoteWebDriver.java:132)\r\n\tat org.openqa.selenium.firefox.FirefoxDriver.\u003cinit\u003e(FirefoxDriver.java:120)\r\n\tat org.openqa.selenium.firefox.FirefoxDriver.\u003cinit\u003e(FirefoxDriver.java:98)\r\n\tat com.qa.util.TestBase.initialization(TestBase.java:38)\r\n\tat com.qa.stepDefinitions.HomePageSteps.user_opens_browser(HomePageSteps.java:19)\r\n\tat ✽.Given user opens browser(/Users/Dinesh/eclipse-workspace/Cucumber_PageObjectModel/src/main/java/com/qa/features/freecrm.feature:4)\r\n",
              "status": "failed"
            },
            "line": 4,
            "name": "user opens browser",
            "match": {
              "location": "HomePageSteps.user_opens_browser()"
            },
            "keyword": "Given "
          },
          {
            "result": {
              "status": "skipped"
            },
            "line": 5,
            "name": "user is on login page",
            "match": {
              "location": "HomePageSteps.user_is_on_login_page()"
            },
            "keyword": "Then "
          },
          {
            "result": {
              "status": "skipped"
            },
            "line": 6,
            "name": "user logs into the application",
            "match": {
              "location": "HomePageSteps.user_enters_username_and_password()"
            },
            "keyword": "Then "
          },
          {
            "result": {
              "status": "skipped"
            },
            "line": 7,
            "name": "validate home page title",
            "match": {
              "location": "HomePageSteps.validate_home_page_title()"
            },
            "keyword": "Then "
          },
          {
            "result": {
              "status": "skipped"
            },
            "line": 8,
            "name": "validate logged in username",
            "match": {
              "location": "HomePageSteps.validate_logged_in_username()"
            },
            "keyword": "Then "
          }
        ]
      }
    ],
    "name": "Free CRM Application Test",
    "description": "",
    "id": "free-crm-application-test",
    "keyword": "Feature",
    "uri": "/Users/Dinesh/eclipse-workspace/Cucumber_PageObjectModel/src/main/java/com/qa/features/freecrm.feature"
  }
]